dataset,domain,cert_rate,log_neff,mean_n_eff,shift_magnitude
adult,tabular,0.024500000000000004,3.82319179172153,44.75,0.0802172839506172
bace,molecular,0.0026,0.8094476362561059,1.2466666666666666,0.5918367346938775
bank,tabular,0.0,4.037127323122569,55.663333333333334,0.0174333333333333
bbbp,molecular,0.0063,1.184789984909162,2.27,0.6701324597635663
clintox,molecular,0.0073,1.034370019939756,1.8133333333333332,0.6124856156501726
compas,tabular,0.07193333333333334,2.835759120423798,16.043333333333333,0.0178626065418517
german_credit,tabular,0.0,1.3912819026309295,3.02,0.0588888888888887
imdb,text,0.6,6.290500667710954,538.4233333333333,0.0946950617283952
yelp,text,0.6133333333333333,6.053695720865736,424.68333333333334,0.1973790123456789
