dataset,domain,cert_rate,mean_n_eff,n_cohorts,two_sample_auc,shift_magnitude,n_cal,n_test,n_features,log_neff,is_text,is_tabular
adult,tabular,0.024500000000000004,44.75,49,0.4598913580246914,0.0802172839506172,9768,9769,113,3.82319179172153,0,1
bace,molecular,0.0026,1.2466666666666666,127,0.7959183673469388,0.5918367346938775,303,301,217,0.8094476362561059,0,0
bank,tabular,0.0,55.663333333333334,10,0.4912833333333333,0.0174333333333333,8237,8239,63,4.037127323122569,0,1
bbbp,molecular,0.0063,2.27,127,0.8350662298817831,0.6701324597635663,395,394,217,1.184789984909162,0,0
clintox,molecular,0.0073,1.8133333333333332,110,0.8062428078250863,0.6124856156501726,294,262,217,1.034370019939756,0,0
compas,tabular,0.07193333333333334,16.043333333333333,38,0.4910686967290741,0.0178626065418517,1234,1235,48716,2.835759120423798,0,1
german_credit,tabular,0.0,3.02,14,0.5294444444444444,0.0588888888888887,200,200,65,1.3912819026309295,0,1
imdb,text,0.6,538.4233333333333,10,0.5473475308641976,0.0946950617283952,10000,10000,5000,6.290500667710954,1,0
yelp,text,0.6133333333333333,424.68333333333334,10,0.5986895061728394,0.1973790123456789,11995,12008,5000,6.053695720865736,1,0
